{
  "Workflows": [
    {
      "Path": null,
      "SortBy": 0,
      "VariablesSectionElementsOrder": [],
      "ArgumentsSectionElementsOrder": null,
      "ConstantsSectionElementsOrder": [],
      "AddedNamespaces": null
    },
    {
      "Path": "sentimentanalysis.xaml",
      "SortBy": 0,
      "VariablesSectionElementsOrder": [
        "dtAsString&Flowchart_1",
        "Index&Flowchart_1",
        "ExtractDataTable&Flowchart_1",
        "jsonObject&Flowchart_1",
        "output_JSONResponse&Sequence_3",
        "sentiment&Sequence_3",
        "Confidence&Sequence_3"
      ],
      "ArgumentsSectionElementsOrder": [],
      "ConstantsSectionElementsOrder": [],
      "AddedNamespaces": null
    }
  ]
}